{
  "shipments": [
    {
      "trackingID": "T001",
      "sender": "Tech Corp",
      "receiver": "Jane Doe",
      "origin": "New York",
      "destination": "San Francisco",
      "status": "In Transit",
      "expectedDelivery": "2023-09-20",
      "id": "1a1d"
    },
    {
      "trackingID": "T002",
      "sender": "John Smith",
      "receiver": "Books Store",
      "origin": "Los Angeles",
      "destination": "Chicago",
      "status": "Delivered",
      "expectedDelivery": "2023-09-10",
      "id": "f4c3"
    },
    {
      "trackingID": "T003",
      "sender": "ahmad",
      "receiver": "waqas",
      "origin": "lahore jt",
      "destination": "lahore gul",
      "status": "urgent",
      "expectedDelivery": "2024-02-15",
      "id": "f4c33"
    },
    {
      "id": "8138",
      "sender": "ahmad",
      "receiver": "waqas",
      "origin": "lahore jt",
      "destination": "lahore gul",
      "status": "urgent",
      "expectedDelivery": "2024-02-15",
      "trackingID": "T004"
    },
    {
      "id": "9693",
      "sender": "ahmad",
      "receiver": "waqas",
      "origin": "lahore jt",
      "destination": "lahore gul",
      "status": "urgent",
      "expectedDelivery": "2024-02-15",
      "trackingID": "T005"
    },
    {
      "id": "478d",
      "sender": "ahmad",
      "receiver": "waqas",
      "origin": "lahore jt",
      "destination": "lahore gul",
      "status": "urgent",
      "expectedDelivery": "2024-02-15",
      "trackingID": "T006"
    },
    {
      "id": "bec6",
      "sender": "ahmad",
      "receiver": "waqas",
      "origin": "lahore jt",
      "destination": "lahore gul",
      "status": "urgen",
      "expectedDelivery": "2024-02-15",
      "trackingID": "T007"
    },
    {
      "id": "e3d7",
      "sender": "Tech Corp",
      "receiver": "John Doe",
      "origin": "New York",
      "destination": "San Francisco",
      "status": "In Transit",
      "expectedDelivery": "2023-09-20",
      "trackingID": "T008"
    },
    {
      "id": "3025",
      "sender": "Tech Corp",
      "receiver": "John Doe",
      "origin": "New York",
      "destination": "San Francisco",
      "status": "In Transit",
      "expectedDelivery": "2023-09-20",
      "trackingID": "T009"
    },
    {
      "id": "23b6",
      "sender": "Tech Corp",
      "receiver": "John Doe",
      "origin": "New York",
      "destination": "San Francisco",
      "status": "In Transit",
      "expectedDelivery": "2023-09-20",
      "trackingID": "T010"
    },
    {
      "id": "761a",
      "sender": "Tech Corp",
      "receiver": "John Doe",
      "origin": "New York",
      "destination": "San Francisco",
      "status": "In Transit",
      "expectedDelivery": "2023-09-20",
      "trackingID": "T011"
    },
    {
      "id": "1365",
      "sender": "Tech Corp",
      "receiver": "John Doe",
      "origin": "New York",
      "destination": "San Francisco",
      "status": "In Transit",
      "expectedDelivery": "2023-09-20",
      "trackingID": "T012"
    },
    {
      "id": "cb17",
      "sender": "Tech Corp",
      "receiver": "John Doe",
      "origin": "New York",
      "destination": "San Francisco",
      "status": "In Transit",
      "expectedDelivery": "2023-09-20",
      "trackingID": "T013"
    },
    {
      "id": "2fc0",
      "sender": "Tech Corp",
      "receiver": "John Doe",
      "origin": "New York",
      "destination": "San Francisco",
      "status": "In Transit",
      "expectedDelivery": "2023-09-20",
      "trackingID": "T014"
    },
    {
      "id": "5374",
      "sender": "Tech Corp",
      "receiver": "John Doe",
      "origin": "New York",
      "destination": "San Francisco",
      "status": "In Transit",
      "expectedDelivery": "2023-09-20",
      "trackingID": "T015"
    },
    {
      "id": "a651",
      "sender": "Tech Corp",
      "receiver": "John Doe",
      "origin": "New York",
      "destination": "San Francisco",
      "status": "In Transit",
      "expectedDelivery": "2023-09-20",
      "trackingID": "T016"
    },
    {
      "id": "fc9f",
      "sender": "Tech Corp",
      "receiver": "John Doe",
      "origin": "New York",
      "destination": "San Francisco",
      "status": "In Transit",
      "expectedDelivery": "2023-09-20",
      "trackingID": "T017"
    },
    {
      "id": "3194",
      "sender": "Tech Corp",
      "receiver": "John Doe",
      "origin": "New York",
      "destination": "San Francisco",
      "status": "In Transit",
      "expectedDelivery": "2023-09-20",
      "trackingID": "T018"
    },
    {
      "id": "7edd",
      "sender": "Tech Corp",
      "receiver": "John Doe",
      "origin": "New York",
      "destination": "San Francisco",
      "status": "In Transit",
      "expectedDelivery": "2023-09-20",
      "trackingID": "T019"
    },
    {
      "id": "4f93",
      "sender": "Tech Corp",
      "receiver": "John Doe",
      "origin": "New York",
      "destination": "San Francisco",
      "status": "In Transit",
      "expectedDelivery": "2023-09-20",
      "trackingID": "T020"
    },
    {
      "id": "a6e6",
      "sender": "Tech Corp",
      "receiver": "John Doe",
      "origin": "New York",
      "destination": "San Francisco",
      "status": "In Transit",
      "expectedDelivery": "2023-09-20",
      "trackingID": "T021"
    },
    {
      "id": "7d3e",
      "sender": "Tech Corp",
      "receiver": "John Doe",
      "origin": "New York",
      "destination": "San Francisco",
      "status": "In Transit",
      "expectedDelivery": "2023-09-20",
      "trackingID": "T022"
    },
    {
      "id": "18f7",
      "sender": "Tech Corp",
      "receiver": "John Doe",
      "origin": "New York",
      "destination": "San Francisco",
      "status": "In Transit",
      "expectedDelivery": "2023-09-20",
      "trackingID": "T023"
    },
    {
      "id": "9af5",
      "sender": "Tech Corp",
      "receiver": "John Doe",
      "origin": "New York",
      "destination": "San Francisco",
      "status": "In Transit",
      "expectedDelivery": "2023-09-20",
      "trackingID": "T024"
    },
    {
      "id": "dfce",
      "sender": "Tech Corp",
      "receiver": "John Doe",
      "origin": "New York",
      "destination": "San Francisco",
      "status": "In Transit",
      "expectedDelivery": "2023-09-20",
      "trackingID": "T025"
    }
  ]
}